album_order,album_id,album_title,sequence,status,expected_title,actual_title,author,published_at,source_url,md_file,code_blocks,image_downloaded,image_remote,image_failed,markdown_chars,error
1,3792985494804332545,绘图小技巧2025,1,success,高颜值个性化的细胞通讯Cellchat结果弦图绘制（后续）,高颜值个性化的细胞通讯Cellchat结果弦图绘制（后续）,生信技能树,2025-12-29 19:07,https://mp.weixin.qq.com/s?__biz=MzAxMDkxODM1Ng%3D%3D&mid=2247548106&idx=1&sn=3a3a0a8d365a6d96c80089ec0fa982e2&chksm=9b4b7c71ac3cf5675da3af6072280ec1f08f0c7c1b331f2608a4fb416235023e1ed2f80873ad,01_绘图小技巧2025/001_高颜值个性化的细胞通讯Cellchat结果弦图绘制（后续）.md,"{""r"": 7}",7,0,0,6733,
1,3792985494804332545,绘图小技巧2025,2,success,独属生信人的浪漫：送你一棵特别的圣诞树,独属生信人的浪漫：送你一棵特别的圣诞树,生信技能树,2025-12-23 12:17,https://mp.weixin.qq.com/s?__biz=MzAxMDkxODM1Ng%3D%3D&mid=2247547960&idx=1&sn=baa7085af4209fd72acfc8b5e60d1ff9&chksm=9b4b7c83ac3cf595e44c7fad013f136ab9d4d0970e218b53b765b94124b9064a71306dfb0729,01_绘图小技巧2025/002_独属生信人的浪漫：送你一棵特别的圣诞树.md,"{""r"": 3}",3,0,0,19511,
1,3792985494804332545,绘图小技巧2025,3,success,论文里面那些奇形怪状的单细胞UMAP图：从第一个开始，逐渐抽象起来！,论文里面那些奇形怪状的单细胞UMAP图：从第一个开始，逐渐抽象起来！,生信技能树,2025-12-16 00:42,https://mp.weixin.qq.com/s?__biz=MzAxMDkxODM1Ng%3D%3D&mid=2247547770&idx=1&sn=10ad80de61aee8e2d02677e9b660a5ee&chksm=9b4b7bc1ac3cf2d7df03d6c3a82942945a196d2b1f8930fdfb1d428fd46df05e601c9193565d,01_绘图小技巧2025/003_论文里面那些奇形怪状的单细胞UMAP图：从第一个开始，逐渐抽象起来！.md,{},20,0,0,3785,
1,3792985494804332545,绘图小技巧2025,4,success,学习一个粉丝推荐的高级版upset图R包：ComplexUpset,学习一个粉丝推荐的高级版upset图R包：ComplexUpset,生信技能树,2025-12-15 23:35,https://mp.weixin.qq.com/s?__biz=MzAxMDkxODM1Ng%3D%3D&mid=2247547735&idx=1&sn=8a37b968dc94464470fb9d612c065f35&chksm=9b4b7becac3cf2fab40e716a44554e6af92e82dc8755ea1da79a388c8e839e8941c6e9121366,01_绘图小技巧2025/004_学习一个粉丝推荐的高级版upset图R包：ComplexUpset.md,"{""r"": 14}",14,0,0,9368,
1,3792985494804332545,绘图小技巧2025,5,success,scop包：一键美化单细胞全部图表（支持seurat v5）,scop包：一键美化单细胞全部图表（支持seurat v5）,生信技能树,2025-12-12 22:25,https://mp.weixin.qq.com/s?__biz=MzAxMDkxODM1Ng%3D%3D&mid=2247547644&idx=1&sn=99621dde94be146b04aef77c6d6aa97a&chksm=9b4b7a47ac3cf351f26a5d4b100ba0cd415eecaaef92aee5141841d5d44ddcafe388b37ff091,01_绘图小技巧2025/005_scop包：一键美化单细胞全部图表（支持seurat v5）.md,"{""r"": 11}",9,0,0,6093,
1,3792985494804332545,绘图小技巧2025,6,success,单细胞亚群在空间HE切片中的定位可视化图绘制,单细胞亚群在空间HE切片中的定位可视化图绘制,生信技能树,2025-12-08 22:23,https://mp.weixin.qq.com/s?__biz=MzAxMDkxODM1Ng%3D%3D&mid=2247547499&idx=1&sn=c1c7fd90c2f4078aeb8fc8d0834992b2&chksm=9b4b7ad0ac3cf3c69b4ccb154fb3014a694debd141e1cda06b2c0ab6fee8e36588a57de6f8fe,01_绘图小技巧2025/006_单细胞亚群在空间HE切片中的定位可视化图绘制.md,"{""r"": 6}",5,0,0,8426,
1,3792985494804332545,绘图小技巧2025,7,success,万里挑一的功能富集结果玫瑰图,万里挑一的功能富集结果玫瑰图,生信技能树,2025-12-02 23:08,https://mp.weixin.qq.com/s?__biz=MzAxMDkxODM1Ng%3D%3D&mid=2247547373&idx=1&sn=9ebdbc10014f781ede38d472897782ad&chksm=9b4b7956ac3cf040bd73339928dc5b5f722ae4c9672f36f99a1a29edb4d5b2237aa757b4aaff,01_绘图小技巧2025/007_万里挑一的功能富集结果玫瑰图.md,"{""r"": 7}",8,0,0,5381,
1,3792985494804332545,绘图小技巧2025,8,success,顶刊杂志同款高颜值UpSet图展示多组交集结果,顶刊杂志同款高颜值UpSet图展示多组交集结果,生信技能树,2025-12-02 16:46,https://mp.weixin.qq.com/s?__biz=MzAxMDkxODM1Ng%3D%3D&mid=2247547354&idx=1&sn=44a95c22402e85294278df0d4963ca60&chksm=9b4b7961ac3cf077e6740df604e5cf4d8f28d211f9ce68716557b33d83ba8541c8667d63ab0f,01_绘图小技巧2025/008_顶刊杂志同款高颜值UpSet图展示多组交集结果.md,"{""r"": 3}",4,0,0,5069,
1,3792985494804332545,绘图小技巧2025,9,success,组间差异箱线图：单细胞亚群signature在bulk转录组中的应用,组间差异箱线图：单细胞亚群signature在bulk转录组中的应用,生信技能树,2025-11-24 17:56,https://mp.weixin.qq.com/s?__biz=MzAxMDkxODM1Ng%3D%3D&mid=2247547182&idx=1&sn=69ee3c504aae8d74a99d36117c0da9e9&chksm=9b4b7995ac3cf083cc54922ac01ae162ebb90e6e81f04d503908e21506e6ca86f354e3b59084,01_绘图小技巧2025/009_组间差异箱线图：单细胞亚群signature在bulk转录组中的应用.md,"{""r"": 7}",4,0,0,6889,
1,3792985494804332545,绘图小技巧2025,10,success,突出显示：Nature Genetics杂志带注释框版单细胞marker基因气泡图,突出显示：Nature Genetics杂志带注释框版单细胞marker基因气泡图,生信技能树,2025-11-17 15:52,https://mp.weixin.qq.com/s?__biz=MzAxMDkxODM1Ng%3D%3D&mid=2247547054&idx=1&sn=f87d661c8e4b8f90f793f3e3d4d7454b&chksm=9b4b7815ac3cf103afcb16bdf87490008664666acffcbe3c02d32c2327cb9fa3b3a5e110b2e1,01_绘图小技巧2025/010_突出显示：Nature Genetics杂志带注释框版单细胞marker基因气泡图.md,"{""r"": 10}",7,0,0,10296,
1,3792985494804332545,绘图小技巧2025,11,success,给你的PCA主成分分析添加一个局部放大图,给你的PCA主成分分析添加一个局部放大图,生信技能树,2025-11-10 15:26,https://mp.weixin.qq.com/s?__biz=MzAxMDkxODM1Ng%3D%3D&mid=2247546854&idx=1&sn=6826b858dc2299001c377d8de07c5c89&chksm=9b4b775dac3cfe4be26c618627e4539b2bf61adbd9c7dd5ae1cf303805d6f5a89c084f01097e,01_绘图小技巧2025/011_给你的PCA主成分分析添加一个局部放大图.md,"{""r"": 5}",5,0,0,6752,
1,3792985494804332545,绘图小技巧2025,12,success,Nature Genetics杂志特别版单细胞marker基因气泡图,Nature Genetics杂志特别版单细胞marker基因气泡图,生信技能树,2025-11-03 23:24,https://mp.weixin.qq.com/s?__biz=MzAxMDkxODM1Ng%3D%3D&mid=2247546635&idx=1&sn=8a9fbdb461f7c704e07e61f054b3e200&chksm=9b4b77b0ac3cfea6cefc78cbecc2c36af1e5763c91a4b7c5e882b02550a29a4007eaa36e8b57,01_绘图小技巧2025/012_Nature Genetics杂志特别版单细胞marker基因气泡图.md,"{""r"": 8}",8,0,0,6279,
1,3792985494804332545,绘图小技巧2025,13,success,给我那刚入门单细胞的朋友画一个单细胞中的堆积柱状图,给我那刚入门单细胞的朋友画一个单细胞中的堆积柱状图,生信技能树,2025-10-28 00:29,https://mp.weixin.qq.com/s?__biz=MzAxMDkxODM1Ng%3D%3D&mid=2247546494&idx=1&sn=aa6647399d604c79fb38fb68434f09cc&chksm=9b4b76c5ac3cffd3e25543f0b5b74076889af19c66bb8ca645873cd5f134e85816704faa1c41,01_绘图小技巧2025/013_给我那刚入门单细胞的朋友画一个单细胞中的堆积柱状图.md,"{""r"": 5}",5,0,0,6742,
1,3792985494804332545,绘图小技巧2025,14,success,一行代码给你的单细胞UMAP图添加左下角小箭头坐标轴,一行代码给你的单细胞UMAP图添加左下角小箭头坐标轴,生信技能树,2025-10-27 19:18,https://mp.weixin.qq.com/s?__biz=MzAxMDkxODM1Ng%3D%3D&mid=2247546483&idx=1&sn=acea4ccfb046a373c767523ccc41a266&chksm=9b4b76c8ac3cffde07fa428320743abf21c5dca307a248df69b90d572e73bea4446d7643f3cf,01_绘图小技巧2025/014_一行代码给你的单细胞UMAP图添加左下角小箭头坐标轴.md,"{""r"": 4}",7,0,0,7018,
1,3792985494804332545,绘图小技巧2025,15,success,顶刊Nature杂志同款配色一流的山峦图,顶刊Nature杂志同款配色一流的山峦图,生信技能树,2025-10-20 18:04,https://mp.weixin.qq.com/s?__biz=MzAxMDkxODM1Ng%3D%3D&mid=2247546286&idx=1&sn=f0975bdc1fb6203637203a934aa3fd4b&chksm=9b4b7515ac3cfc030a726958cadb02f6fad0f799b17f86349ccaefe796d24700bff89e0f3d52,01_绘图小技巧2025/015_顶刊Nature杂志同款配色一流的山峦图.md,"{""r"": 4}",6,0,0,5009,
1,3792985494804332545,绘图小技巧2025,16,success,Cell杂志同款高颜值两个基因的表达相关性图绘制,Cell杂志同款高颜值两个基因的表达相关性图绘制,生信技能树,2025-10-13 23:13,https://mp.weixin.qq.com/s?__biz=MzAxMDkxODM1Ng%3D%3D&mid=2247546162&idx=1&sn=9f471da5c4d90ef63e18334d512b5ede&chksm=9b4b7589ac3cfc9ffcfdb24f3a0aaa751df5223da3d8be29cb34c5080a81117b7b496f173d31,01_绘图小技巧2025/016_Cell杂志同款高颜值两个基因的表达相关性图绘制.md,"{""r"": 3}",4,0,0,4247,
1,3792985494804332545,绘图小技巧2025,17,success,高分杂志Figure1绘制：PCA + 火山图 + 通路富集气泡图（包含分析代码与绘图统统给你）,高分杂志Figure1绘制：PCA + 火山图 + 通路富集气泡图（包含分析代码与绘图统统给你）,生信技能树,2025-10-07 08:58,https://mp.weixin.qq.com/s?__biz=MzAxMDkxODM1Ng%3D%3D&mid=2247546074&idx=1&sn=ce925f6bdd09969000d7089d924e24e6&chksm=9b4b7461ac3cfd7738153adb91f558c21ee218fedf61fd2470c84d6c17d3934be9e951f2713e,01_绘图小技巧2025/017_高分杂志Figure1绘制：PCA + 火山图 + 通路富集气泡图（包含分析代码与绘图统统给你）.md,"{""r"": 8}",9,0,0,12061,
1,3792985494804332545,绘图小技巧2025,18,success,高分杂志中同款高颜值生存曲线图绘制,高分杂志中同款高颜值生存曲线图绘制,生信技能树,2025-09-29 23:58,https://mp.weixin.qq.com/s?__biz=MzAxMDkxODM1Ng%3D%3D&mid=2247545975&idx=1&sn=5efe43e8c3692b41af301346c4bbad51&chksm=9b4b74ccac3cfdda422f0e1456adb965811c612a73ccea356d00a5fd72b2c0bd1aa4ac9ec897,01_绘图小技巧2025/018_高分杂志中同款高颜值生存曲线图绘制.md,"{""r"": 7}",4,0,0,5116,
1,3792985494804332545,绘图小技巧2025,19,success,ggplot2版本发布重大更新：v4.0.0（影响了超多其依赖他的包）,ggplot2版本发布重大更新：v4.0.0（影响了超多其依赖他的包）,生信技能树,2025-09-23 11:38,https://mp.weixin.qq.com/s?__biz=MzAxMDkxODM1Ng%3D%3D&mid=2247545899&idx=1&sn=5bcc4404979a94e0b1ae66ae34b903b7&chksm=9b4b7490ac3cfd868a463a58f96c3ccdc6ee6c0437405342b37e21e3a5dbdf3bf8f542d49b36,01_绘图小技巧2025/019_ggplot2版本发布重大更新：v4.0.0（影响了超多其依赖他的包）.md,"{""r"": 1}",6,0,0,3654,
1,3792985494804332545,绘图小技巧2025,20,success,Nature杂志同款高颜值单细胞星云+圈款UMAP图,Nature杂志同款高颜值单细胞星云+圈款UMAP图,生信技能树,2025-09-22 20:58,https://mp.weixin.qq.com/s?__biz=MzAxMDkxODM1Ng%3D%3D&mid=2247545881&idx=1&sn=08f74aef7c233b8d4725408c628ece2d&chksm=9b4b74a2ac3cfdb4c1ef21523ceb24922af9b05acc7cc926775fe06781cc4de17bae0cdd49ac,01_绘图小技巧2025/020_Nature杂志同款高颜值单细胞星云+圈款UMAP图.md,"{""r"": 4}",6,0,0,7497,
1,3792985494804332545,绘图小技巧2025,21,success,Nature杂志同款高颜值单细胞基因表达气泡图（王凌华团队）,Nature杂志同款高颜值单细胞基因表达气泡图（王凌华团队）,生信技能树,2025-09-17 20:35,https://mp.weixin.qq.com/s?__biz=MzAxMDkxODM1Ng%3D%3D&mid=2247545796&idx=1&sn=bb7ae79db9b3c3a0542187e1b6b31bc5&chksm=9b4b737fac3cfa69725fff74f60e2a2095a5ddd196b31b8384da2aeb44270efba303332cd68e,01_绘图小技巧2025/021_Nature杂志同款高颜值单细胞基因表达气泡图（王凌华团队）.md,"{""r"": 4}",6,0,0,5140,
1,3792985494804332545,绘图小技巧2025,22,success,顶刊杂志 （IF=27.2）同款自带“仙气”的单细胞亚群高表达基因热图,顶刊杂志 （IF=27.2）同款自带“仙气”的单细胞亚群高表达基因热图,生信技能树,2025-09-08 21:52,https://mp.weixin.qq.com/s?__biz=MzAxMDkxODM1Ng%3D%3D&mid=2247545586&idx=1&sn=062104788beef1fa75fef0947bc429d4&chksm=9b4b7249ac3cfb5f6fe092407d885350c344ac3521682367413a46efd8774766e614670407fd,01_绘图小技巧2025/022_顶刊杂志 （IF=27.2）同款自带“仙气”的单细胞亚群高表达基因热图.md,"{""r"": 4}",4,0,0,4721,
1,3792985494804332545,绘图小技巧2025,23,success,张泽民院士团队爱用的”云雾感“ UMAP 图,张泽民院士团队爱用的”云雾感“ UMAP 图,生信技能树,2025-09-02 22:28,https://mp.weixin.qq.com/s?__biz=MzAxMDkxODM1Ng%3D%3D&mid=2247545487&idx=1&sn=497b176fdc10855214d36d2a00413be5&chksm=9b4b7234ac3cfb226842e471118d8284472fb1953fe60a7f2b1fa57cf7c792248178ba60c581,01_绘图小技巧2025/023_张泽民院士团队爱用的”云雾感“ UMAP 图.md,"{""r"": 4}",6,0,0,6059,
1,3792985494804332545,绘图小技巧2025,24,success,高分杂志同款基因表达相关性图（IF=24.5）,高分杂志同款基因表达相关性图（IF=24.5）,生信技能树,2025-09-01 22:21,https://mp.weixin.qq.com/s?__biz=MzAxMDkxODM1Ng%3D%3D&mid=2247545477&idx=1&sn=402be110af17f036d783edf01315abcd&chksm=9b4b723eac3cfb283a88ac6e22baaf3d34e3ed71c03b13243c9bada42d0048302b2b26fcfb49,01_绘图小技巧2025/024_高分杂志同款基因表达相关性图（IF=24.5）.md,"{""r"": 2}",4,0,0,4400,
1,3792985494804332545,绘图小技巧2025,25,success,桑基图：桑葚图？这个图长得也不像桑葚啊！,桑基图：桑葚图？这个图长得也不像桑葚啊！,生信技能树,2025-08-26 17:40,https://mp.weixin.qq.com/s?__biz=MzAxMDkxODM1Ng%3D%3D&mid=2247545366&idx=1&sn=d3339ec66816b6d367475d4479fac97f&chksm=9b4b72adac3cfbbbd49b40181decddf6e3de700f2dd22ea60c538b8634268abba481991b50be,01_绘图小技巧2025/025_桑基图：桑葚图？这个图长得也不像桑葚啊！.md,"{""r"": 6}",7,0,0,6943,
1,3792985494804332545,绘图小技巧2025,26,success,NC杂志同款桑基图：连接富集结果中的通路与基因,NC杂志同款桑基图：连接富集结果中的通路与基因,生信技能树,2025-08-25 23:40,https://mp.weixin.qq.com/s?__biz=MzAxMDkxODM1Ng%3D%3D&mid=2247545344&idx=1&sn=9dc9fe17b8ff971c40a3c8d4c96064d0&chksm=9b4b72bbac3cfbad28f61d4b7ec5841ea8934960b1163ed1d1da183a50a6d02b45772d29a24e,01_绘图小技巧2025/026_NC杂志同款桑基图：连接富集结果中的通路与基因.md,"{""r"": 6}",6,0,0,5799,
1,3792985494804332545,绘图小技巧2025,27,success,Cell杂志同款单细胞亚群差异火山图,Cell杂志同款单细胞亚群差异火山图,生信技能树,2025-08-20 22:01,https://mp.weixin.qq.com/s?__biz=MzAxMDkxODM1Ng%3D%3D&mid=2247545217&idx=1&sn=34669128ac57100f7a21b3fb16e0f5a0&chksm=9b4b713aac3cf82c988deece7530ab270def5be583641cf92bc332d63d6dbd2a2e19f5b98939,01_绘图小技巧2025/027_Cell杂志同款单细胞亚群差异火山图.md,"{""r"": 9}",10,0,0,9820,
1,3792985494804332545,绘图小技巧2025,28,success,超越单细胞气泡图的表现方式：来看看FlexDotPlot！,超越单细胞气泡图的表现方式：来看看FlexDotPlot！,生信技能树,2025-08-18 22:17,https://mp.weixin.qq.com/s?__biz=MzAxMDkxODM1Ng%3D%3D&mid=2247545105&idx=1&sn=3b83f4d620c8064db08d66f5d7b79162&chksm=9b4b71aaac3cf8bcc072a28cd710b94aaeef6d5b1eff1f082581adab7d6c748f0ea9a98bb84a,01_绘图小技巧2025/028_超越单细胞气泡图的表现方式：来看看FlexDotPlot！.md,"{""r"": 10}",12,0,0,4608,
1,3792985494804332545,绘图小技巧2025,29,success,NC高分杂志cellchat细胞通讯结果个性化绘制之弦图,NC高分杂志cellchat细胞通讯结果个性化绘制之弦图,生信技能树,2025-08-11 22:37,https://mp.weixin.qq.com/s?__biz=MzAxMDkxODM1Ng%3D%3D&mid=2247544913&idx=1&sn=fb5ab3ded41912c8019a81a54f76d685&chksm=9b4b70eaac3cf9fc22aff9e17ba158764fe7aa728a57684b5d107ce84be4f9476558029613c5,01_绘图小技巧2025/029_NC高分杂志cellchat细胞通讯结果个性化绘制之弦图.md,"{""r"": 4}",7,0,0,9060,
1,3792985494804332545,绘图小技巧2025,30,success,高分杂志同款cellchat细胞通讯结果气泡图绘制（IF=25.083）,高分杂志同款cellchat细胞通讯结果气泡图绘制（IF=25.083）,生信技能树,2025-08-04 22:30,https://mp.weixin.qq.com/s?__biz=MzAxMDkxODM1Ng%3D%3D&mid=2247544734&idx=1&sn=afb7ead473e91445b695efea54807327&chksm=9b4b6f25ac3ce6335a42c14b3599bae6d64a5be405243e58e7261ce522980ac1b148a9d05ce3,01_绘图小技巧2025/030_高分杂志同款cellchat细胞通讯结果气泡图绘制（IF=25.083）.md,"{""r"": 8}",7,0,0,8471,
1,3792985494804332545,绘图小技巧2025,31,success,基本功修炼：Chord diagram  和弦图的基础函数,基本功修炼：Chord diagram  和弦图的基础函数,生信技能树,2025-07-24 22:58,https://mp.weixin.qq.com/s?__biz=MzAxMDkxODM1Ng%3D%3D&mid=2247544490&idx=1&sn=9a3e5918921f89126470514d7516094e&chksm=9b4b6e11ac3ce70784d404a3180d1a08986cc5e9fbdb995ff12141d37b8f6f139b8173d570c1,01_绘图小技巧2025/031_基本功修炼：Chord diagram 和弦图的基础函数.md,"{""r"": 18}",20,0,0,9410,
1,3792985494804332545,绘图小技巧2025,32,success,Science杂志同款：高颜值韦恩图绘制细节调整,Science杂志同款：高颜值韦恩图绘制细节调整,生信技能树,2025-07-14 22:28,https://mp.weixin.qq.com/s?__biz=MzAxMDkxODM1Ng%3D%3D&mid=2247544065&idx=1&sn=e527a5b3b9c4db0c9730439ebbaad57a&chksm=9b4b6dbaac3ce4aceada82fdf41814af7d5ec12cbe3a5c98cf7cb469e57c86c1495e79a113a0,01_绘图小技巧2025/032_Science杂志同款：高颜值韦恩图绘制细节调整.md,"{""r"": 5}",5,0,0,5979,
1,3792985494804332545,绘图小技巧2025,33,success,顶刊杂志同款高颜值热图+文字注释框（IF=25.476）,顶刊杂志同款高颜值热图+文字注释框（IF=25.476）,生信技能树,2025-07-08 17:48,https://mp.weixin.qq.com/s?__biz=MzAxMDkxODM1Ng%3D%3D&mid=2247543969&idx=1&sn=88deac17e38be5cdb45eb36885e6b2c8&chksm=9b4b6c1aac3ce50c713de579498d1807840631e0705e8dda8dc9cdf1d9f85dcc6956aa9639bf,01_绘图小技巧2025/033_顶刊杂志同款高颜值热图+文字注释框（IF=25.476）.md,"{""r"": 6}",4,0,0,7270,
1,3792985494804332545,绘图小技巧2025,34,success,一文了解热图如何添加文本框注释,一文了解热图如何添加文本框注释,生信技能树,2025-06-30 22:36,https://mp.weixin.qq.com/s?__biz=MzAxMDkxODM1Ng%3D%3D&mid=2247543783&idx=1&sn=b6e1fce6f549e2c7f16707478d2035dd&chksm=9b4b6b5cac3ce24a9038f3867ad8c65aba9620307134c6b1c156001e1111418345a0b05972fe,01_绘图小技巧2025/034_一文了解热图如何添加文本框注释.md,"{""r"": 17}",17,0,0,8712,
1,3792985494804332545,绘图小技巧2025,35,success,顶刊杂志同款CD8+ T cells亚群signature score的umap图绘制（IF=58.7）,顶刊杂志同款CD8+ T cells亚群signature score的umap图绘制（IF=58.7）,生信技能树,2025-06-24 23:21,https://mp.weixin.qq.com/s?__biz=MzAxMDkxODM1Ng%3D%3D&mid=2247543628&idx=1&sn=744ce66821f9501950c357b401ac9129&chksm=9b4b6bf7ac3ce2e1b61e545d1b8dece46706b53da5445585a7d7ab56e86db8e215824aba8cb1,01_绘图小技巧2025/035_顶刊杂志同款CD8+ T cells亚群signature score的umap图绘制（IF=58.7）.md,"{""r"": 4}",5,0,0,6413,
1,3792985494804332545,绘图小技巧2025,36,success,Science杂志同款：又一款好看的火山图,Science杂志同款：又一款好看的火山图,生信技能树,2025-06-10 13:10,https://mp.weixin.qq.com/s?__biz=MzAxMDkxODM1Ng%3D%3D&mid=2247543292&idx=1&sn=0ca40d5f5d3a15c30ef7812a92c68774&chksm=9b4b6947ac3ce051095abbd9e7a010ec3d6d21ac6e38ca9bf113702abd5f09fe40035991605e,01_绘图小技巧2025/036_Science杂志同款：又一款好看的火山图.md,"{""r"": 6}",5,0,0,8084,
1,3792985494804332545,绘图小技巧2025,37,success,Cell杂志同款：单细胞亚群组间差异基因排序气泡图,Cell杂志同款：单细胞亚群组间差异基因排序气泡图,生信技能树,2025-06-03 23:59,https://mp.weixin.qq.com/s?__biz=MzAxMDkxODM1Ng%3D%3D&mid=2247543160&idx=1&sn=59624ddd01df59b482d410c3b7a0a6a0&chksm=9b4b69c3ac3ce0d52c418c97dde635b31fe8a43cc98b6e9d307b8e8882fd320deb75e151f43a,01_绘图小技巧2025/037_Cell杂志同款：单细胞亚群组间差异基因排序气泡图.md,"{""r"": 3}",5,0,0,5120,
1,3792985494804332545,绘图小技巧2025,38,success,张泽民院士顶刊杂志的同款背靠背双向小提琴图,张泽民院士顶刊杂志的同款背靠背双向小提琴图,生信技能树,2025-05-27 22:13,https://mp.weixin.qq.com/s?__biz=MzAxMDkxODM1Ng%3D%3D&mid=2247542979&idx=1&sn=f91e828c191248714e385c633b49012b&chksm=9b4b6878ac3ce16e9209d535c3d81146604b332606b870918fcab0cb193d2de48f4afe0328b3,01_绘图小技巧2025/038_张泽民院士顶刊杂志的同款背靠背双向小提琴图.md,"{""r"": 10}",6,0,0,11203,
1,3792985494804332545,绘图小技巧2025,39,success,cellchat细胞通讯绘制弦图函数的参数这么难搞定吗？,cellchat细胞通讯绘制弦图函数的参数这么难搞定吗？,生信技能树,2025-05-20 23:35,https://mp.weixin.qq.com/s?__biz=MzAxMDkxODM1Ng%3D%3D&mid=2247542658&idx=1&sn=adabcd404adc4cd33d3991909888ec76&chksm=9b4b6739ac3cee2f68ecdbd68b69a41b74828d4eaf48c60a80966419217f870f6b429ef665df,01_绘图小技巧2025/039_cellchat细胞通讯绘制弦图函数的参数这么难搞定吗？.md,"{""r"": 4}",10,0,0,8889,
1,3792985494804332545,绘图小技巧2025,40,success,一文解锁随心所欲绘图：不要被ggplot2洗脑了，我们只要grid！！！,一文解锁随心所欲绘图：不要被ggplot2洗脑了，我们只要grid！！！,生信技能树,2025-05-13 21:41,https://mp.weixin.qq.com/s?__biz=MzAxMDkxODM1Ng%3D%3D&mid=2247542460&idx=1&sn=2737659a888a75eebf27c76956c8a557&chksm=9b4b6607ac3cef11e38cf42858ad39e82fe35aa63387ede8a0266fe87cbe6a004c5da7e219c3,01_绘图小技巧2025/040_一文解锁随心所欲绘图：不要被ggplot2洗脑了，我们只要grid！！！.md,"{""r"": 20}",19,0,0,15458,
1,3792985494804332545,绘图小技巧2025,41,success,Cell杂志同款：多条GSEA结果基因rank排序图,Cell杂志同款：多条GSEA结果基因rank排序图,生信技能树,2025-05-05 23:45,https://mp.weixin.qq.com/s?__biz=MzAxMDkxODM1Ng%3D%3D&mid=2247542120&idx=1&sn=665be506fec6d3529c73d99a89163626&chksm=9b4b65d3ac3cecc589f463f8c06c11ddd3e1e4bcf9ab8f3f2a0bbb86ca456273f83397dc0d71,01_绘图小技巧2025/041_Cell杂志同款：多条GSEA结果基因rank排序图.md,"{""r"": 8}",7,0,0,8065,
1,3792985494804332545,绘图小技巧2025,42,success,Nature杂志：独特的背靠背双向间隔条形图,Nature杂志：独特的背靠背双向间隔条形图,生信技能树,2025-04-29 23:19,https://mp.weixin.qq.com/s?__biz=MzAxMDkxODM1Ng%3D%3D&mid=2247541907&idx=1&sn=ab0a814a33465f1aece748df47415bc6&chksm=9b4b6428ac3ced3e4aaae1cc2f3111352b5e7eec68f57861435a3b1fe86ffd154542861f3eb5,01_绘图小技巧2025/042_Nature杂志：独特的背靠背双向间隔条形图.md,"{""r"": 4}",4,0,0,5176,
1,3792985494804332545,绘图小技巧2025,43,success,tidyplots：一个全能绘图包(配色好看，一键式出图！可以取代ggplot2？),tidyplots：一个全能绘图包(配色好看，一键式出图！可以取代ggplot2？),生信技能树,2025-04-27 23:46,https://mp.weixin.qq.com/s?__biz=MzAxMDkxODM1Ng%3D%3D&mid=2247541550&idx=1&sn=3e75c276a57e4cdece16756dee5d993c&chksm=9b4b6395ac3cea835874b0f6f6530c7098e56704de61adc3429929c8614522ad5007946292f6,01_绘图小技巧2025/043_tidyplots：一个全能绘图包(配色好看，一键式出图！可以取代ggplot2？).md,"{""r"": 13}",14,0,0,10388,
1,3792985494804332545,绘图小技巧2025,44,success,Nat Commun同款高颜值单细胞亚群组间差异火山图,Nat Commun同款高颜值单细胞亚群组间差异火山图,生信技能树,2025-04-23 17:19,https://mp.weixin.qq.com/s?__biz=MzAxMDkxODM1Ng%3D%3D&mid=2247541328&idx=1&sn=8236af56b7ae118299426bb30380e527&chksm=9b4b62ebac3cebfd0bdd0533c9079d9d8b2a258eb1e243356fb6e801c8a3d543873754d8493f,01_绘图小技巧2025/044_Nat Commun同款高颜值单细胞亚群组间差异火山图.md,"{""r"": 7}",6,0,0,7932,
1,3792985494804332545,绘图小技巧2025,45,success,SCpubr：一个单细胞数据绘图大全的R包,SCpubr：一个单细胞数据绘图大全的R包,生信技能树,2025-04-17 23:13,https://mp.weixin.qq.com/s?__biz=MzAxMDkxODM1Ng%3D%3D&mid=2247541132&idx=1&sn=6970dc607e9b6b391fba8572f465b9c8&chksm=9b4b6137ac3ce821e21f6192613f6454cc674e862fa97c4e9319d7d8303817e8d5a3bb47ba59,01_绘图小技巧2025/045_SCpubr：一个单细胞数据绘图大全的R包.md,"{""r"": 12}",10,0,0,7074,
1,3792985494804332545,绘图小技巧2025,46,success,独家私藏秘技：如何获取高分文章中的图片配色？,独家私藏秘技：如何获取高分文章中的图片配色？,生信技能树,2025-04-14 20:39,https://mp.weixin.qq.com/s?__biz=MzAxMDkxODM1Ng%3D%3D&mid=2247540968&idx=1&sn=e6d61914bf98a2e5044c5fc5429039b5&chksm=9b4b6053ac3ce945c16dc9f52946fd0861e1a04d777113086d17e84be85386a335bdf3021df0,01_绘图小技巧2025/046_独家私藏秘技：如何获取高分文章中的图片配色？.md,"{""r"": 2}",9,0,0,3287,
1,3792985494804332545,绘图小技巧2025,47,success,高分杂志同款单细胞堆叠小提琴图：Mol Ther（IF=12.4/Q1）,高分杂志同款单细胞堆叠小提琴图：Mol Ther（IF=12.4/Q1）,生信技能树,2025-04-14 12:51,https://mp.weixin.qq.com/s?__biz=MzAxMDkxODM1Ng%3D%3D&mid=2247540944&idx=1&sn=2155a2274a710a3eb1127ffc4bf491a9&chksm=9b4b606bac3ce97df8620f0acec5f47fe526201d6de5a76979f4a368fca566fdfa51cbdf61aa,01_绘图小技巧2025/047_高分杂志同款单细胞堆叠小提琴图：Mol Ther（IF=12.4_Q1）.md,"{""r"": 2}",4,0,0,5568,
1,3792985494804332545,绘图小技巧2025,48,success,Nat Commun同款山脊图：千里江山图,Nat Commun同款山脊图：千里江山图,生信技能树,2025-04-07 19:29,https://mp.weixin.qq.com/s?__biz=MzAxMDkxODM1Ng%3D%3D&mid=2247540687&idx=1&sn=315b1f5757a97375a6425c3e751f7304&chksm=9b4b1f74ac3c96629f0cb9d12cad65d6e67b0be9bb7e0d99ab77e5f9e547ca63c8e3a83033e5,01_绘图小技巧2025/048_Nat Commun同款山脊图：千里江山图.md,"{""r"": 4}",5,0,0,4420,
1,3792985494804332545,绘图小技巧2025,49,success,顶刊杂志Nat Med.(IF=58.7)同款GSVA打分结果可视化,顶刊杂志Nat Med.(IF=58.7)同款GSVA打分结果可视化,生信技能树,2025-03-31 13:50,https://mp.weixin.qq.com/s?__biz=MzAxMDkxODM1Ng%3D%3D&mid=2247540344&idx=1&sn=747fd12b9392a30263f9b4dcca84fc28&chksm=9b4b1ec3ac3c97d514db10aa76bd962beadfaf22b318791a0ba2c6ab620eca586663f43fed7c,01_绘图小技巧2025/049_顶刊杂志Nat Med.(IF=58.7)同款GSVA打分结果可视化.md,"{""r"": 3}",4,0,0,5625,
1,3792985494804332545,绘图小技巧2025,50,success,除了SPP1+Macro，还有其他亚型可分析吗？看看Cell杂志分析组织驻留FOLR2+巨噬细胞,除了SPP1+Macro，还有其他亚型可分析吗？看看Cell杂志分析组织驻留FOLR2+巨噬细胞,生信技能树,2025-03-27 17:08,https://mp.weixin.qq.com/s?__biz=MzAxMDkxODM1Ng%3D%3D&mid=2247540219&idx=1&sn=99fddc26ccbd5ffe6640c09d94e987dd&chksm=9b4b1d40ac3c9456d96a9e188e85c89ae230768b3d00bf0281b48e1840997e2db52e1af31ff4,01_绘图小技巧2025/050_除了SPP1+Macro，还有其他亚型可分析吗？看看Cell杂志分析组织驻留FOLR2+巨噬细胞.md,"{""r"": 5}",5,0,0,9638,
1,3792985494804332545,绘图小技巧2025,51,success,基础绘图函数绘制高颜值火山图,基础绘图函数绘制高颜值火山图,生信技能树,2025-03-25 23:59,https://mp.weixin.qq.com/s?__biz=MzAxMDkxODM1Ng%3D%3D&mid=2247540112&idx=1&sn=f0875ae81923d38d86145991361ec551&chksm=9b4b1d2bac3c943dca21cfb50e7f4a06d9c14072f890b0f9515c4b02efe80e1137b014c4fbdb,01_绘图小技巧2025/051_基础绘图函数绘制高颜值火山图.md,"{""r"": 2}",6,0,0,4978,
1,3792985494804332545,绘图小技巧2025,52,success,NC杂志同款秀气小提琴图,NC杂志同款秀气小提琴图,生信技能树,2025-03-24 15:58,https://mp.weixin.qq.com/s?__biz=MzAxMDkxODM1Ng%3D%3D&mid=2247540058&idx=1&sn=6e8522a6adb58b1291ca9df7089bc133&chksm=9b4b1de1ac3c94f77d40a853e0791c54263b097e56c626e87884d055029c45f22493fad6813c,01_绘图小技巧2025/052_NC杂志同款秀气小提琴图.md,"{""r"": 4}",4,0,0,7824,
1,3792985494804332545,绘图小技巧2025,53,success,Science杂志：比火山图多一点信息的火山图,Science杂志：比火山图多一点信息的火山图,生信技能树,2025-03-22 08:08,https://mp.weixin.qq.com/s?__biz=MzAxMDkxODM1Ng%3D%3D&mid=2247539963&idx=1&sn=35a7f9aa1a032dab77ab3fd859a9834e&chksm=9b4b1c40ac3c95568df614b5c1a741bc1e4eb6b17e22e0fcfb1b8d7b22682197f7b12feed257,01_绘图小技巧2025/053_Science杂志：比火山图多一点信息的火山图.md,"{""r"": 6}",5,0,0,10103,
1,3792985494804332545,绘图小技巧2025,54,success,NC杂志同款高颜值连线堆积柱状图,NC杂志同款高颜值连线堆积柱状图,生信技能树,2025-03-17 14:45,https://mp.weixin.qq.com/s?__biz=MzAxMDkxODM1Ng%3D%3D&mid=2247539767&idx=1&sn=ed0c3b0eb2a8b4414a5d40d620605444&chksm=9b4b1c8cac3c959a35b8ad126017a21d4fbc9df217669ae381a97953cee39ca905c9daa14b22,01_绘图小技巧2025/054_NC杂志同款高颜值连线堆积柱状图.md,"{""r"": 2}",3,0,0,3728,
1,3792985494804332545,绘图小技巧2025,55,success,"展示你的特征基因：带""辣椒粉""的markers基因umap图","展示你的特征基因：带""辣椒粉""的markers基因umap图",生信技能树,2025-03-10 22:00,https://mp.weixin.qq.com/s?__biz=MzAxMDkxODM1Ng%3D%3D&mid=2247539400&idx=1&sn=ffa29d61d95453199ad6157d743403d7&chksm=9b4b1a73ac3c936515b43e5ffbce10dc703538b0de9f37bd341b9156fc6250da5432249b1145,01_绘图小技巧2025/055_展示你的特征基因：带_辣椒粉_的markers基因umap图.md,"{""r"": 4}",5,0,0,7186,
1,3792985494804332545,绘图小技巧2025,56,success,Science杂志：富集结果条形图还可以聚类吗？,Science杂志：富集结果条形图还可以聚类吗？,生信技能树,2025-03-03 19:46,https://mp.weixin.qq.com/s?__biz=MzAxMDkxODM1Ng%3D%3D&mid=2247539059&idx=1&sn=4fc44a010cf87ecc0cad48258b9157c6&chksm=9b4b19c8ac3c90de20022c15cf38f661255e0971137407d08af76adc5431f12d351b1fd84bea,01_绘图小技巧2025/056_Science杂志：富集结果条形图还可以聚类吗？.md,"{""r"": 6}",8,0,0,7273,
1,3792985494804332545,绘图小技巧2025,57,success,画个同款新奇的“Galaxy”星系UMAP图（Nat Immunol：IF27.8）,画个同款新奇的“Galaxy”星系UMAP图（Nat Immunol：IF27.8）,生信技能树,2025-02-24 12:16,https://mp.weixin.qq.com/s?__biz=MzAxMDkxODM1Ng%3D%3D&mid=2247538773&idx=1&sn=094b2cef83702267589de13dd50a0b58&chksm=9b4b18eeac3c91f8580c3a250080821e728175b503ece22ec3e66e10a36b5ad60463d48e58f5,01_绘图小技巧2025/057_画个同款新奇的“Galaxy”星系UMAP图（Nat Immunol：IF27.8）.md,"{""r"": 4}",5,0,0,5578,
1,3792985494804332545,绘图小技巧2025,58,success,六分组疾病进展的关键基因差异箱线图绘制,六分组疾病进展的关键基因差异箱线图绘制,生信技能树,2025-02-19 20:25,https://mp.weixin.qq.com/s?__biz=MzAxMDkxODM1Ng%3D%3D&mid=2247538634&idx=1&sn=e6e5ff43e3a9c48703089ca7058c6c0f&chksm=9b4b1771ac3c9e67b66f8df794f44dec9d4043f58cb3a6149a279914260487810fb1a265fb60,01_绘图小技巧2025/058_六分组疾病进展的关键基因差异箱线图绘制.md,"{""r"": 6}",7,0,0,9100,
1,3792985494804332545,绘图小技巧2025,59,success,突出你的新发现：高亮富集结果中的关键通路绘制,突出你的新发现：高亮富集结果中的关键通路绘制,生信技能树,2025-02-12 20:14,https://mp.weixin.qq.com/s?__biz=MzAxMDkxODM1Ng%3D%3D&mid=2247538234&idx=1&sn=f262f1933ebd7902c5a72d87249053d5&chksm=9b4b1681ac3c9f97a0b24af0e6a7605d4568b6a7b8eeeb488d7ec9079535af10bcbddd96e360,01_绘图小技巧2025/059_突出你的新发现：高亮富集结果中的关键通路绘制.md,"{""r"": 5}",6,0,0,8772,
1,3792985494804332545,绘图小技巧2025,60,success,用流星图/彗星图（在此之前还不认识这种图呢！）展示富集分析结果,用流星图/彗星图（在此之前还不认识这种图呢！）展示富集分析结果,生信技能树,2025-02-07 18:14,https://mp.weixin.qq.com/s?__biz=MzAxMDkxODM1Ng%3D%3D&mid=2247538003&idx=1&sn=e7489f68ec86515c43ac902f485daeef&chksm=9b4b15e8ac3c9cfe35e6d036bf4a1ef56f4ccb5fd13e6f49a72f9b7403f264033c6735124eac,01_绘图小技巧2025/060_用流星图_彗星图（在此之前还不认识这种图呢！）展示富集分析结果.md,"{""r"": 5}",6,0,0,8839,
1,3792985494804332545,绘图小技巧2025,61,success,Science杂志高颜值GSEA打分排序图,Science杂志高颜值GSEA打分排序图,生信技能树,2025-02-05 17:40,https://mp.weixin.qq.com/s?__biz=MzAxMDkxODM1Ng%3D%3D&mid=2247537935&idx=1&sn=494eae3c7b11b4afca650ab1f82d1350&chksm=9b4b15b4ac3c9ca2e34e696a53bacf0defccce0530fa7079564f3ed0bf1152a34a0b8205f84b,01_绘图小技巧2025/061_Science杂志高颜值GSEA打分排序图.md,"{""r"": 5}",7,0,0,7073,
1,3792985494804332545,绘图小技巧2025,62,success,物种Beta多样性PCoA分析,物种Beta多样性PCoA分析,生信技能树,2025-02-01 21:38,https://mp.weixin.qq.com/s?__biz=MzAxMDkxODM1Ng%3D%3D&mid=2247537723&idx=1&sn=172fec1697c601edef4c2194b13c9a54&chksm=9b4b1480ac3c9d96e0615d3e171a954f67a6ad9d293a26780fecdae86283737b0120f253cc35,01_绘图小技巧2025/062_物种Beta多样性PCoA分析.md,"{""r"": 4}",4,0,0,6030,
1,3792985494804332545,绘图小技巧2025,63,success,nature communications 杂志同款三元图：Ternary plots,nature communications 杂志同款三元图：Ternary plots,生信技能树,2025-01-31 20:01,https://mp.weixin.qq.com/s?__biz=MzAxMDkxODM1Ng%3D%3D&mid=2247537683&idx=1&sn=2efed317d095c95f03700804d4b8cefa&chksm=9b4b14a8ac3c9dbe4eef2991dcc1d6190f84372b9d7a043332ebdb4c02e840bfd2704d064035,01_绘图小技巧2025/063_nature communications 杂志同款三元图：Ternary plots.md,"{""r"": 1}",2,0,0,5663,
1,3792985494804332545,绘图小技巧2025,64,success,ggplot2（r包）绘制基因棒棒糖图,ggplot2（r包）绘制基因棒棒糖图,生信技能树,2025-01-31 20:01,https://mp.weixin.qq.com/s?__biz=MzAxMDkxODM1Ng%3D%3D&mid=2247537683&idx=2&sn=7b7697ec767f8a66a6f23a005d758f74&chksm=9b4b14a8ac3c9dbee7d3dd542eefc8e39d6d10a31fcaaab9212840c8f1720c1bd997089ce690,01_绘图小技巧2025/064_ggplot2（r包）绘制基因棒棒糖图.md,"{""r"": 10}",8,0,0,9791,
1,3792985494804332545,绘图小技巧2025,65,success,G3viz（r包）绘制基因棒棒糖图,G3viz（r包）绘制基因棒棒糖图,生信技能树,2025-01-30 15:22,https://mp.weixin.qq.com/s?__biz=MzAxMDkxODM1Ng%3D%3D&mid=2247537650&idx=2&sn=eafd9e7cc36f15bd153572b860ab12b4&chksm=9b4b1349ac3c9a5f205ae6f256429dfc1c091941a78559c23f1c45fa58a231146a05f14d1115,01_绘图小技巧2025/065_G3viz（r包）绘制基因棒棒糖图.md,"{""r"": 5}",4,0,0,7117,
1,3792985494804332545,绘图小技巧2025,66,success,GenVisR（r包）介绍：基因组可视化工具,GenVisR（r包）介绍：基因组可视化工具,生信技能树,2025-01-29 14:12,https://mp.weixin.qq.com/s?__biz=MzAxMDkxODM1Ng%3D%3D&mid=2247537617&idx=2&sn=c9f6907c800f4db038ff49198d74d077&chksm=9b4b136aac3c9a7c041885e511343748b2cb7666a7f39b850266af3a4d7c39285a12ad96bc59,01_绘图小技巧2025/066_GenVisR（r包）介绍：基因组可视化工具.md,"{""r"": 12}",10,0,0,6564,
1,3792985494804332545,绘图小技巧2025,67,success,绘制NC杂志同款高颜值小提琴图,绘制NC杂志同款高颜值小提琴图,生信技能树,2025-01-27 21:29,https://mp.weixin.qq.com/s?__biz=MzAxMDkxODM1Ng%3D%3D&mid=2247537553&idx=1&sn=d60bcf0ec06858a21c2e0eb52e55fea3&chksm=9b4b132aac3c9a3c468a264ccb2cdbf7e45dc0dca951cb59cb61c72bb19523c82afb3518e346,01_绘图小技巧2025/067_绘制NC杂志同款高颜值小提琴图.md,"{""r"": 3}",4,0,0,5659,
1,3792985494804332545,绘图小技巧2025,68,success,maftools（r包）绘制棒棒图等,maftools（r包）绘制棒棒图等,生信技能树,2025-01-27 21:29,https://mp.weixin.qq.com/s?__biz=MzAxMDkxODM1Ng%3D%3D&mid=2247537553&idx=2&sn=8512c282fdeaaa54642fbe5a4ba5c396&chksm=9b4b132aac3c9a3cf64de46009cab39c6ac680e0aaa96bdbe8c9d80f0afa3ad1d58e8ef0ef95,01_绘图小技巧2025/068_maftools（r包）绘制棒棒图等.md,"{""r"": 11}",10,0,0,5403,
1,3792985494804332545,绘图小技巧2025,69,success,给你的单细胞umap图加个cell杂志同款的圈,给你的单细胞umap图加个cell杂志同款的圈,生信技能树,2025-01-21 20:50,https://mp.weixin.qq.com/s?__biz=MzAxMDkxODM1Ng%3D%3D&mid=2247537290&idx=1&sn=ad76831349df67bb5236370dab088536&chksm=9b4b1231ac3c9b278f9cad27e561fdefdcbab76dbf68b7dbbac6fbddbf373e10d0a8976294f0,01_绘图小技巧2025/069_给你的单细胞umap图加个cell杂志同款的圈.md,"{""r"": 10}",8,0,0,6864,
1,3792985494804332545,绘图小技巧2025,70,success,高颜值复杂热图绘制小技巧,高颜值复杂热图绘制小技巧,生信技能树,2025-01-18 21:01,https://mp.weixin.qq.com/s?__biz=MzAxMDkxODM1Ng%3D%3D&mid=2247537091&idx=1&sn=23f4aa643cf8c731221c3abe857ce150&chksm=9b4b1178ac3c986e3e8d109b1570f46bdbcbc5a21882da87020345f6e8b919b376e7723f4d8b,01_绘图小技巧2025/070_高颜值复杂热图绘制小技巧.md,"{""r"": 5}",5,0,0,8722,
1,3792985494804332545,绘图小技巧2025,71,success,一种很新的功能富集结果展示方法,一种很新的功能富集结果展示方法,生信技能树,2025-01-16 16:54,https://mp.weixin.qq.com/s?__biz=MzAxMDkxODM1Ng%3D%3D&mid=2247537055&idx=1&sn=26544d5687fbe6001391e869ea84e692&chksm=9b4b1124ac3c9832e3c8fe0a7fbfe921260a107be774a3b70a4e5ddad091098870449c874135,01_绘图小技巧2025/071_一种很新的功能富集结果展示方法.md,"{""r"": 5}",6,0,0,6656,
1,3792985494804332545,绘图小技巧2025,72,success,单基因绘制组间差异箱线图及ROC曲线,单基因绘制组间差异箱线图及ROC曲线,生信技能树,2025-01-14 19:12,https://mp.weixin.qq.com/s?__biz=MzAxMDkxODM1Ng%3D%3D&mid=2247536968&idx=1&sn=8290856996b9aefc2f2ba7325d636554&chksm=9b4b11f3ac3c98e5d9c46017e88a0b294cc662576459a9ed04e139e95b0260b2aa062d9647c3,01_绘图小技巧2025/072_单基因绘制组间差异箱线图及ROC曲线.md,"{""r"": 11}",5,0,0,7742,
1,3792985494804332545,绘图小技巧2025,73,success,KEGG富集结果7大分类展示,KEGG富集结果7大分类展示,生信技能树,2025-01-12 14:01,https://mp.weixin.qq.com/s?__biz=MzAxMDkxODM1Ng%3D%3D&mid=2247536875&idx=2&sn=67fe96abc9c8a139edebfa8a89728df8&chksm=9b4b1050ac3c9946fd6f17f2eddec245da333854d32dd9392f6950723227b2b7dd9196f3d426,01_绘图小技巧2025/073_KEGG富集结果7大分类展示.md,"{""r"": 2}",4,0,0,5978,
1,3792985494804332545,绘图小技巧2025,74,success,5种方式美化你的单细胞umap散点图,5种方式美化你的单细胞umap散点图,生信技能树,2025-01-11 15:46,https://mp.weixin.qq.com/s?__biz=MzAxMDkxODM1Ng%3D%3D&mid=2247536822&idx=1&sn=5f695d4ee6d8ba00a0961c02c4cf83bd&chksm=9b4b100dac3c991bc25f288cafbba4a3058eb1607ac25e3a2731840430c6476b6594411f1d86,01_绘图小技巧2025/074_5种方式美化你的单细胞umap散点图.md,"{""r"": 15}",14,0,0,8310,
1,3792985494804332545,绘图小技巧2025,75,success,你没见过的两种高颜值单细胞亚群相关性热图,你没见过的两种高颜值单细胞亚群相关性热图,生信技能树,2025-01-09 11:53,https://mp.weixin.qq.com/s?__biz=MzAxMDkxODM1Ng%3D%3D&mid=2247536601&idx=1&sn=a9027e4226364f984ccea332c8b6fa28&chksm=9b4b0f62ac3c86749c002125652f558a3d70a487acff87ed89975f396efc63182db2fbbc3f39,01_绘图小技巧2025/075_你没见过的两种高颜值单细胞亚群相关性热图.md,"{""r"": 7}",11,0,0,7252,
1,3792985494804332545,绘图小技巧2025,76,success,复杂相关性散点图复现（ggplot2绘图的层层递进）,复杂相关性散点图复现（ggplot2绘图的层层递进）,生信技能树,2025-01-05 23:23,https://mp.weixin.qq.com/s?__biz=MzAxMDkxODM1Ng%3D%3D&mid=2247536345&idx=1&sn=f8b618d0e1ebf7a2d2f00ae84a3b38fe&chksm=9b4b0e62ac3c8774efe1dab63354b3b1e5283027f4a7f883e176489fbde2988caa86372bcf60,01_绘图小技巧2025/076_复杂相关性散点图复现（ggplot2绘图的层层递进）.md,"{""r"": 10}",11,0,0,7326,
1,3792985494804332545,绘图小技巧2025,77,success,带有疾病进展的多分组差异结果如何展示？,带有疾病进展的多分组差异结果如何展示？,生信技能树,2025-01-01 22:26,https://mp.weixin.qq.com/s?__biz=MzAxMDkxODM1Ng%3D%3D&mid=2247536217&idx=1&sn=3f1893e79b3474230cd3993c37d2aa34&chksm=9b4b0ee2ac3c87f41bf62e7e5c5ba7915258468710510fb6b82c65650437d026a1110de4681d,01_绘图小技巧2025/077_带有疾病进展的多分组差异结果如何展示？.md,"{""r"": 9}",9,0,0,13063,
2,4329102050694250504,绘图小技巧2026,1,success,最新Nature杂志同款Xenium高精度HE图片绘制（文末有交流群）,最新Nature杂志同款Xenium高精度HE图片绘制（文末有交流群）,生信技能树,2026-01-05 23:33,https://mp.weixin.qq.com/s?__biz=MzAxMDkxODM1Ng%3D%3D&mid=2247548303&idx=1&sn=591d8780ebc0c6d9cffe67d074729e90&chksm=9b4b7d34ac3cf4227c40e0eda81f47e77a9fce8b24663bf03e06dfc80c5c64521c36040571ea,02_绘图小技巧2026/001_最新Nature杂志同款Xenium高精度HE图片绘制（文末有交流群）.md,"{""bash"": 1, ""python"": 10}",8,0,0,15998,
2,4329102050694250504,绘图小技巧2026,2,success,年度盘点之单细胞的各种花式UMAP图，你见过哪款？,年度盘点之单细胞的各种花式UMAP图，你见过哪款？,生信技能树,2026-01-06 00:36,https://mp.weixin.qq.com/s?__biz=MzAxMDkxODM1Ng%3D%3D&mid=2247548356&idx=1&sn=374667b7351cff0b2a0dbd3881b114ae&chksm=9b4b7d7fac3cf4695669f65c8b798bd3287bdab1324ee056d147214a7358c9232c41f9691432,02_绘图小技巧2026/002_年度盘点之单细胞的各种花式UMAP图，你见过哪款？.md,{},15,0,0,4227,
2,4329102050694250504,绘图小技巧2026,3,success,绘制樊嘉院士团队 Cancer Cell (2026) 文献中的同款热图,绘制樊嘉院士团队 Cancer Cell (2026) 文献中的同款热图,生信技能树,2026-01-12 22:36,https://mp.weixin.qq.com/s?__biz=MzAxMDkxODM1Ng%3D%3D&mid=2247548530&idx=1&sn=91477b0196d73a667e19359fbe1b52c1&chksm=9b4b7ec9ac3cf7df6bdf9f41d8ece28036ce77574ddfe5dd2c1d476795db157b8baf073d17c1,02_绘图小技巧2026/003_绘制樊嘉院士团队 Cancer Cell (2026) 文献中的同款热图.md,"{""r"": 9}",6,0,0,7749,
2,4329102050694250504,绘图小技巧2026,4,success,使用4个高颜值单细胞tsne图绘制你的Figure1,使用4个高颜值单细胞tsne图绘制你的Figure1,生信技能树,2026-01-20 23:28,https://mp.weixin.qq.com/s?__biz=MzAxMDkxODM1Ng%3D%3D&mid=2247548688&idx=1&sn=22f98098f25d008eec2cd1943580b3f7&chksm=9b4b7fabac3cf6bd3ea76128440fe21ab17678b339fdf2d47945c6aeb5dfcfb4eb4283f82bc5,02_绘图小技巧2026/004_使用4个高颜值单细胞tsne图绘制你的Figure1.md,"{""r"": 6}",8,0,0,6686,
2,4329102050694250504,绘图小技巧2026,5,success,绘制 Nature 同款空转细胞生态位堆积柱状图,绘制 Nature 同款空转细胞生态位堆积柱状图,生信技能树,2026-01-26 16:51,https://mp.weixin.qq.com/s?__biz=MzAxMDkxODM1Ng%3D%3D&mid=2247548888&idx=1&sn=1bf3807617d6fbfd91d43b0d0bba031b&chksm=9b4b7f63ac3cf67552a225a490f44c2eea72fa6abdb6f0c71e8be6cf7e6f6c2db8fa616e33a5,02_绘图小技巧2026/005_绘制 Nature 同款空转细胞生态位堆积柱状图.md,"{""r"": 5}",6,0,0,4783,
2,4329102050694250504,绘图小技巧2026,6,success,富集分析结果展示还有什么花样可以用呢？,富集分析结果展示还有什么花样可以用呢？,生信技能树,2026-02-02 21:41,https://mp.weixin.qq.com/s?__biz=MzAxMDkxODM1Ng%3D%3D&mid=2247549084&idx=1&sn=aaa7593d7e5a0ec91e82ea66bfad42b9&chksm=9b4b4027ac3cc931b3b4ce7bef6284b07afe30ec9dd0289489ed5fa4a5acbc94e285658c0d01,02_绘图小技巧2026/006_富集分析结果展示还有什么花样可以用呢？.md,"{""r"": 6}",10,0,0,6241,
2,4329102050694250504,绘图小技巧2026,7,success,如果将喜欢的动漫配色使用到科研绘图中，会有什么化学反应？,如果将喜欢的动漫配色使用到科研绘图中，会有什么化学反应？,生信技能树,2026-02-02 23:57,https://mp.weixin.qq.com/s?__biz=MzAxMDkxODM1Ng%3D%3D&mid=2247549106&idx=1&sn=fe6b828efd1975e1fac7a857861ab80a&chksm=9b4b4009ac3cc91fa2668451d48454c0b3ea495c0653551e1c5284019a8cf13b4f0b7858256b,02_绘图小技巧2026/007_如果将喜欢的动漫配色使用到科研绘图中，会有什么化学反应？.md,"{""r"": 4}",10,0,0,3683,
2,4329102050694250504,绘图小技巧2026,8,success,nature communications同款：独特的背靠背棒棒图绘制,nature communications同款：独特的背靠背棒棒图绘制,生信技能树,2026-02-09 23:53,https://mp.weixin.qq.com/s?__biz=MzAxMDkxODM1Ng%3D%3D&mid=2247549295&idx=1&sn=8e625832e0e67aefb151750566d00d5a&chksm=9b4b41d4ac3cc8c28ced1f8bbe81434b07b5281687d71544719b2edd89a4cd2b0c5fa036e449,02_绘图小技巧2026/008_nature communications同款：独特的背靠背棒棒图绘制.md,"{""r"": 7}",8,0,0,7908,
2,4329102050694250504,绘图小技巧2026,9,success,同款高分杂志的富集分析结果展示：变体条形图绘制,同款高分杂志的富集分析结果展示：变体条形图绘制,生信技能树,2026-02-18 22:46,https://mp.weixin.qq.com/s?__biz=MzAxMDkxODM1Ng%3D%3D&mid=2247549542&idx=1&sn=c5507ded92ef3a30fd93fca6056354c9&chksm=9b4b42ddac3ccbcb81596862975ccf65d7c283845569f4fdbe13ee01c8b90c3431d7ed2d92f3,02_绘图小技巧2026/009_同款高分杂志的富集分析结果展示：变体条形图绘制.md,"{""r"": 7}",9,0,0,7463,
2,4329102050694250504,绘图小技巧2026,10,success,顶刊杂志同款单细胞marker基因气泡图：加个框框突出marker,顶刊杂志同款单细胞marker基因气泡图：加个框框突出marker,生信技能树,2026-02-23 22:30,https://mp.weixin.qq.com/s?__biz=MzAxMDkxODM1Ng%3D%3D&mid=2247549658&idx=1&sn=2da2450ac2b4e71b28cf08141260bf7b&chksm=9b4b4261ac3ccb77758f07d7912d202346ce4f6d5d538e49cdcac173d77a670080802d19e67f,02_绘图小技巧2026/010_顶刊杂志同款单细胞marker基因气泡图：加个框框突出marker.md,"{""r"": 7}",10,0,0,7641,
2,4329102050694250504,绘图小技巧2026,11,success,绘制Cell杂志同款umap图：这次使用python来做！,绘制Cell杂志同款umap图：这次使用python来做！,生信技能树,2026-03-02 23:08,https://mp.weixin.qq.com/s?__biz=MzAxMDkxODM1Ng%3D%3D&mid=2247549832&idx=1&sn=9386f0908d7b7555347e81017ff2154d&chksm=9b4b4333ac3cca2512aeb6f70a7bb9f89209cd0b6ca1c8aa7e3e70b5cbe1ba050ecc9b669d14,02_绘图小技巧2026/011_绘制Cell杂志同款umap图：这次使用python来做！.md,"{""python"": 6, ""r"": 1}",7,0,0,6231,
2,4329102050694250504,绘图小技巧2026,12,success,好看的高分杂志同款单细胞通讯结果气泡图,好看的高分杂志同款单细胞通讯结果气泡图,生信技能树,2026-03-10 23:09,https://mp.weixin.qq.com/s?__biz=MzAxMDkxODM1Ng%3D%3D&mid=2247550178&idx=1&sn=cb6e64cb4ef19ec076ca9636f95602f9&chksm=9b4b4459ac3ccd4f1f8be21045a3221b49f4edee949329cf0672325a30780006a4fe5a49f7bf,02_绘图小技巧2026/012_好看的高分杂志同款单细胞通讯结果气泡图.md,"{""r"": 7}",6,0,0,8234,
2,4329102050694250504,绘图小技巧2026,13,success,NC杂志同款的单细胞拟时序分析图（上篇）,NC杂志同款的单细胞拟时序分析图（上篇）,生信技能树,2026-03-16 23:15,https://mp.weixin.qq.com/s?__biz=MzAxMDkxODM1Ng%3D%3D&mid=2247550399&idx=1&sn=cf8bf20551cfa7a02fee7842fd3902a5&chksm=9b4b4504ac3ccc124bd4a866d06807604271ffb3781946ee0f512110dfcd69a883e5f331c3f6,02_绘图小技巧2026/013_NC杂志同款的单细胞拟时序分析图（上篇）.md,"{""r"": 7}",6,0,0,8948,
2,4329102050694250504,绘图小技巧2026,14,success,cellchat可视化：好看的细胞通讯互作贝壳图,cellchat可视化：好看的细胞通讯互作贝壳图,生信技能树,2026-04-01 23:39,https://mp.weixin.qq.com/s?__biz=MzAxMDkxODM1Ng%3D%3D&mid=2247550763&idx=1&sn=cb468e8ecad0fff9bc2da46f2ed31648&chksm=9b4b4790ac3cce86a0776ba122f66532df4af03093ac5d77204d669df35bf3c2af0656ee765b,02_绘图小技巧2026/014_cellchat可视化：好看的细胞通讯互作贝壳图.md,"{""r"": 7}",7,0,0,7667,
2,4329102050694250504,绘图小技巧2026,15,success,顶刊杂志同款高颜值的单细胞maker基因气泡图,顶刊杂志同款高颜值的单细胞maker基因气泡图,生信技能树,2026-04-06 22:55,https://mp.weixin.qq.com/s?__biz=MzAxMDkxODM1Ng%3D%3D&mid=2247550805&idx=1&sn=71d6558cadb9854b13505ea49e6d9a94&chksm=9b4b47eeac3ccef85cfeeae6cfe4784df9d860ede763457c59379f49606bb6dbc4a1035ebb6a,02_绘图小技巧2026/015_顶刊杂志同款高颜值的单细胞maker基因气泡图.md,"{""r"": 7}",5,0,0,6661,
2,4329102050694250504,绘图小技巧2026,16,success,高分文献差异结果可视化：散点图展示三个差异分组结果,高分文献差异结果可视化：散点图展示三个差异分组结果,生信技能树,2026-04-17 22:05,https://mp.weixin.qq.com/s?__biz=MzAxMDkxODM1Ng%3D%3D&mid=2247551072&idx=1&sn=c4df0c821f9472e0e883f447548acf2a&chksm=9b4b48dbac3cc1cd0e24834204c7fdc14ac76170f910c65ffeef0094ed5d06182dc988099c8f,02_绘图小技巧2026/016_高分文献差异结果可视化：散点图展示三个差异分组结果.md,"{""r"": 5}",5,0,0,5601,
2,4329102050694250504,绘图小技巧2026,17,success,Nature顶刊同款高颜值PCA分析图,Nature顶刊同款高颜值PCA分析图,生信技能树,2026-04-22 22:34,https://mp.weixin.qq.com/s?__biz=MzAxMDkxODM1Ng%3D%3D&mid=2247551190&idx=1&sn=e0dcceb8ca37da1fd45b3c755dfb5c95&chksm=9b4b486dac3cc17bac4b57ea79d7b425b673b7c2afcc42625174ffee9f9ad36919690ca6a440,02_绘图小技巧2026/017_Nature顶刊同款高颜值PCA分析图.md,"{""r"": 7}",9,0,0,5388,
2,4329102050694250504,绘图小技巧2026,18,success,高分杂志同款单细胞umap加圈：升级版本,高分杂志同款单细胞umap加圈：升级版本,生信技能树,2026-04-27 17:49,https://mp.weixin.qq.com/s?__biz=MzAxMDkxODM1Ng%3D%3D&mid=2247551309&idx=1&sn=be7698e613fa58b484b87120f5a246c2&chksm=9b4b49f6ac3cc0e0270d1b8a53f3acc5d34c31a0b820e382c04d9ed0f9347d610e8660e6ca1c,02_绘图小技巧2026/018_高分杂志同款单细胞umap加圈：升级版本.md,"{""r"": 8}",6,0,0,7374,
2,4329102050694250504,绘图小技巧2026,19,success,使用AI复现NC同款高颜值ROC曲线：三步搞定！,使用AI复现NC同款高颜值ROC曲线：三步搞定！,生信技能树,2026-06-23 22:51,https://mp.weixin.qq.com/s?__biz=MzAxMDkxODM1Ng%3D%3D&mid=2247552382&idx=1&sn=e7e18b0150b1534bdbf443b2ebc4766f&chksm=9b4b4dc5ac3cc4d3ee96992b35ee6033dfba2bae2d00696ca2bfd779eaa6d6a9801fa6310b00,02_绘图小技巧2026/019_使用AI复现NC同款高颜值ROC曲线：三步搞定！.md,"{""r"": 4}",8,0,0,4644,
2,4329102050694250504,绘图小技巧2026,20,success,过去调半天的 GSEA 富集分析图，现在Codex 5 分钟复现 Nature 同款,过去调半天的 GSEA 富集分析图，现在Codex 5 分钟复现 Nature 同款,生信技能树,2026-07-07 22:36,https://mp.weixin.qq.com/s?__biz=MzAxMDkxODM1Ng%3D%3D&mid=2247552839&idx=1&sn=10c65712e67a395b873429c7cecf9680&chksm=9b4b4ffcac3cc6ea8f52bb98601735d03ba2e658a37c8c953b4d2891c33ad37f42402ae031f1,02_绘图小技巧2026/020_过去调半天的 GSEA 富集分析图，现在Codex 5 分钟复现 Nature 同款.md,"{""r"": 4}",9,0,0,5060,
